Index,Linked List,Heap
1,1,1
2,1,1
3,1,1
4,1,2
5,2,3
6,5,1
7,5,1
8,4,2
9,7,1
10,5,1
11,6,1
12,5,2
13,9,1
14,7,2
15,2,4
16,1,4
17,7,1
18,7,2
19,18,1
20,10,2
21,20,1
22,18,1
23,21,1
24,4,3
25,21,1
26,15,2
27,25,1
28,26,1
29,2,5
30,22,1
31,15,1
32,5,3
33,13,1
34,23,1
35,11,2
36,17,2
37,20,1
38,1,5
39,28,1
40,10,3
41,19,1
42,11,2
43,27,1
44,5,4
45,34,1
46,31,2
47,8,3
48,3,4
49,47,1
50,3,4
51,25,1
52,49,1
53,44,1
54,18,3
55,8,3
56,38,2
57,55,1
58,56,1
59,33,2
60,57,1
61,46,2
62,2,5
63,8,2
64,11,4
65,48,1
66,29,1
67,41,1
68,21,3
69,36,1
70,23,2
71,32,1
72,69,1
73,42,2
74,5,5
75,6,4
76,24,3
77,56,1
78,24,3
79,29,1
80,53,1
81,27,3
82,69,1
83,48,1
84,13,4
85,17,3
86,61,1
87,70,1
88,11,5
89,60,1
90,31,2
91,3,5
92,41,2
93,35,2
94,16,3
95,57,1
96,8,4
97,62,1
98,22,2
99,36,1
100,12,3
101,58,1
102,86,1
103,5,5
104,10,4
105,93,1
106,19,2
107,44,1
108,68,2
109,49,2
110,86,1
111,30,3
112,83,2
113,67,3
114,95,2
115,100,1
116,91,2
117,54,3
118,73,2
119,104,1
120,15,3
121,113,1
122,112,1
123,65,2
124,36,2
125,1,6
126,8,3
127,45,1
128,84,1
129,40,2
130,87,2
131,97,1
132,107,1
133,60,2
134,106,1
135,120,1
136,42,3
137,127,1
138,33,4
139,121,1
140,42,3
141,134,1
142,7,6
143,139,1
144,72,3
145,122,1
146,113,1
147,34,3
148,46,2
149,57,1
150,4,6
151,61,1
152,44,4
153,143,1
154,138,1
155,79,2
156,147,1
157,149,1
158,127,1
159,87,1
160,31,4
161,72,1
162,46,3
163,159,1
164,139,1
165,2,8
166,133,1
167,25,4
168,152,2
169,2,6
170,164,1
171,29,3
172,161,1
173,172,1
174,16,3
175,76,2
176,142,1
177,147,1
178,108,2
179,20,5
180,37,3
181,115,1
182,84,1
183,81,1
184,102,2
185,62,3
186,169,1
187,89,1
188,53,2
189,129,1
190,3,5
191,85,1
192,32,3
193,58,2
194,79,2
195,191,1
196,59,2
197,38,3
198,16,4
199,34,2
200,41,3
201,5,6
202,66,2
203,27,2
204,5,6
205,80,1
206,114,1
207,174,1
208,45,3
209,34,3
210,195,1
211,86,2
212,158,2
213,92,2
214,165,1
215,76,2
216,149,2
217,149,2
218,168,1
219,205,1
220,93,2
221,173,1
222,87,2
223,121,1
224,8,6
225,163,1
226,111,3
227,76,3
228,205,2
229,130,3
230,104,3
231,16,4
232,136,2
233,157,1
234,44,4
235,142,1
236,235,1
237,159,2
238,105,3
239,47,3
240,184,2
241,87,3
242,134,2
243,136,1
244,171,2
245,81,3
246,203,1
247,105,2
248,241,1
249,152,1
250,83,1
251,90,1
252,101,2
253,170,1
254,209,1
255,111,1
256,108,2
257,78,2
258,179,1
259,75,2
260,211,1
261,23,5
262,90,2
263,100,1
264,198,2
265,132,2
266,245,1
267,199,1
268,41,4
269,91,3
270,247,1
271,244,1
272,175,2
273,128,2
274,123,2
275,99,3
276,198,1
277,64,4
278,200,2
279,190,2
280,230,1
281,5,7
282,280,1
283,55,3
284,191,1
285,234,1
286,168,2
287,12,5
288,28,4
289,72,2
290,93,2
291,261,1
292,99,3
293,183,1
294,69,3
295,19,5
296,30,4
297,49,2
298,241,1
299,68,2
300,148,2
301,213,1
302,36,3
303,35,3
304,49,5
305,166,1
306,147,2
307,265,1
308,230,2
309,52,4
310,172,2
311,178,1
312,56,4
313,171,2
314,227,2
315,265,1
316,113,3
317,98,3
318,281,1
319,142,2
320,177,2
321,60,4
322,100,2
323,273,1
324,258,1
325,174,1
326,295,2
327,289,2
328,212,2
329,227,1
330,21,5
331,37,4
332,141,2
333,63,3
334,72,2
335,182,1
336,228,2
337,211,2
338,127,2
339,149,1
340,258,2
341,299,1
342,325,1
343,315,1
344,133,3
345,221,2
346,251,2
347,235,2
348,324,1
349,208,2
350,21,4
351,160,1
352,264,3
353,129,3
354,89,3
355,195,1
356,308,1
357,48,3
358,149,2
359,184,1
360,289,1
361,170,2
362,218,2
363,70,4
364,225,1
365,280,1
366,253,1
367,107,3
368,143,2
369,4,5
370,247,1
371,44,3
372,332,2
373,226,2
374,370,1
375,86,3
376,89,3
377,270,1
378,344,1
379,58,4
380,115,2
381,371,1
382,219,1
383,4,5
384,121,2
385,309,1
386,215,1
387,60,3
388,359,1
389,359,1
390,245,2
391,275,1
392,144,2
393,82,2
394,350,1
395,384,1
396,382,1
397,222,1
398,92,1
399,128,1
400,230,2
401,361,1
402,178,1
403,183,1
404,198,2
405,175,2
406,260,1
407,286,1
408,51,2
409,225,1
410,344,1
411,171,1
412,204,2
413,170,3
414,178,2
415,322,1
416,77,2
417,397,1
418,385,1
419,29,6
420,352,2
421,230,2
422,331,2
423,81,3
424,304,2
425,274,2
426,56,3
427,282,1
428,86,3
429,150,1
430,422,1
431,324,1
432,99,4
433,173,3
434,74,5
435,301,1
436,346,1
437,355,1
438,181,3
439,399,1
440,147,4
441,99,4
442,130,3
443,359,1
444,266,2
445,306,1
446,260,1
447,347,1
448,275,3
449,213,3
450,389,1
451,208,3
452,447,1
453,281,2
454,281,1
455,315,1
456,122,3
457,341,2
458,165,2
459,213,1
460,33,4
461,145,2
462,90,3
463,140,1
464,320,2
465,171,4
466,461,1
467,222,2
468,71,4
469,191,2
470,173,2
471,237,1
472,284,3
473,301,2
474,136,3
475,95,3
476,156,3
477,414,1
478,469,1
479,458,1
480,152,4
481,396,1
482,195,2
483,142,4
484,222,3
485,484,1
486,480,1
487,339,1
488,363,2
489,172,3
490,68,4
491,407,1
492,323,2
493,164,3
494,57,4
495,176,1
496,341,2
497,54,3
498,411,1
499,429,1
500,256,1
501,87,3
502,163,2
503,45,4
504,411,1
505,304,1
506,146,3
507,66,3
508,241,2
509,131,3
510,24,4
511,395,1
512,28,6
513,243,1
514,24,6
515,274,1
516,242,2
517,22,6
518,106,2
519,101,2
520,227,3
521,186,3
522,3,8
523,24,4
524,362,2
525,69,3
526,236,1
527,205,1
528,132,4
529,122,4
530,113,4
531,400,1
532,231,3
533,302,1
534,456,1
535,113,4
536,76,4
537,72,4
538,190,2
539,327,1
540,231,3
541,239,2
542,207,3
543,271,1
544,479,1
545,253,3
546,534,1
547,164,4
548,287,2
549,93,5
550,290,1
551,502,1
552,306,2
553,295,2
554,537,1
555,107,4
556,352,3
557,217,3
558,325,2
559,492,1
560,341,2
561,431,1
562,344,1
563,553,1
564,162,2
565,263,1
566,109,3
567,258,1
568,333,2
569,320,2
570,4,7
571,546,1
572,537,2
573,216,2
574,248,2
575,458,1
576,461,2
577,226,2
578,37,4
579,153,1
580,332,2
581,345,1
582,85,3
583,18,7
584,23,5
585,58,2
586,141,2
587,403,1
588,292,2
589,474,1
590,331,1
591,22,5
592,339,1
593,68,3
594,16,7
595,499,1
596,345,2
597,136,2
598,146,2
599,57,3
600,459,1
601,150,3
602,17,6
603,416,1
604,376,1
605,287,1
606,291,1
607,248,1
608,505,2
609,342,2
610,406,1
611,221,2
612,49,6
613,499,1
614,264,2
615,87,4
616,564,1
617,403,2
618,509,1
619,230,3
620,277,3
621,205,3
622,273,2
623,597,1
624,296,3
625,296,3
626,487,1
627,616,1
628,427,3
629,621,1
630,42,6
631,271,2
632,148,4
633,72,4
634,34,6
635,541,1
636,376,2
637,352,2
638,135,3
639,244,2
640,17,6
641,560,1
642,470,1
643,78,4
644,422,1
645,66,4
646,171,2
647,369,1
648,489,2
649,28,5
650,587,1
651,93,3
652,265,3
653,192,3
654,43,3
655,551,1
656,489,2
657,564,1
658,538,1
659,265,3
660,561,2
661,594,1
662,523,1
663,28,5
664,655,1
665,576,1
666,604,1
667,383,1
668,244,2
669,58,4
670,618,1
671,279,2
672,636,2
673,425,2
674,360,3
675,404,2
676,489,2
677,520,1
678,60,5
679,318,1
680,561,2
681,664,1
682,411,3
683,134,3
684,175,2
685,454,1
686,2,8
687,668,1
688,350,3
689,560,1
690,235,4
691,208,4
692,480,2
693,79,4
694,254,2
695,469,1
696,671,1
697,167,3
698,142,3
699,213,1
700,228,3
701,69,3
702,495,1
703,181,2
704,506,3
705,140,4
706,585,1
707,317,2
708,678,1
709,651,1
710,614,1
711,544,1
712,631,1
713,320,3
714,682,1
715,80,4
716,31,6
717,685,1
718,46,5
719,406,1
720,545,2
721,325,3
722,613,1
723,326,2
724,404,2
725,136,3
726,45,5
727,367,1
728,332,3
729,202,4
730,575,1
731,545,2
732,283,2
733,362,1
734,722,1
735,43,5
736,489,2
737,592,1
738,377,1
739,455,1
740,521,1
741,239,2
742,273,2
743,436,1
744,553,2
745,218,3
746,507,2
747,598,1
748,185,3
749,565,1
750,240,2
751,740,1
752,118,3
753,114,3
754,321,2
755,524,1
756,251,2
757,380,1
758,118,3
759,578,1
760,578,1
761,714,1
762,395,2
763,84,4
764,316,2
765,381,1
766,139,3
767,20,4
768,207,3
769,514,1
770,503,2
771,746,1
772,755,1
773,768,1
774,422,1
775,559,1
776,224,4
777,141,4
778,409,2
779,441,1
780,724,2
781,643,2
782,426,3
783,55,5
784,757,1
785,727,2
786,599,1
787,226,2
788,324,2
789,727,1
790,20,6
791,109,3
792,675,2
793,442,2
794,197,3
795,177,3
796,787,1
797,363,1
798,214,2
799,208,2
800,58,4
801,734,1
802,171,2
803,33,5
804,731,1
805,592,1
806,621,1
807,158,3
808,741,1
809,210,3
810,593,1
811,682,1
812,38,4
813,197,2
814,745,1
815,12,7
816,129,2
817,543,1
818,254,2
819,472,1
820,489,2
821,292,2
822,567,1
823,351,1
824,729,1
825,766,1
826,523,1
827,726,1
828,284,4
829,744,1
830,102,4
831,375,1
832,663,2
833,277,2
834,415,2
835,580,1
836,37,7
837,195,1
838,747,1
839,813,1
840,432,3
841,517,1
842,669,2
843,483,2
844,722,2
845,587,2
846,502,2
847,840,1
848,302,3
849,751,1
850,478,2
851,789,1
852,184,3
853,180,3
854,269,2
855,76,5
856,117,4
857,812,1
858,826,1
859,424,1
860,715,2
861,51,6
862,777,1
863,536,2
864,369,2
865,325,3
866,256,3
867,417,1
868,526,2
869,153,5
870,395,2
871,64,6
872,684,2
873,183,4
874,555,2
875,552,2
876,800,2
877,171,4
878,547,2
879,226,2
880,44,6
881,133,4
882,148,3
883,256,1
884,341,2
885,454,1
886,352,2
887,466,1
888,403,3
889,295,4
890,869,1
891,222,4
892,379,3
893,778,1
894,776,1
895,725,1
896,199,5
897,139,5
898,244,3
899,742,1
900,305,3
901,625,1
902,817,1
903,101,5
904,820,2
905,496,3
906,666,1
907,730,1
908,655,1
909,315,4
910,32,6
911,713,1
912,476,3
913,200,4
914,42,5
915,795,1
916,649,2
917,427,2
918,339,2
919,118,3
920,708,2
921,303,2
922,360,2
923,153,4
924,175,3
925,212,1
926,905,1
927,409,1
928,379,4
929,222,4
930,210,4
931,675,1
932,870,2
933,112,6
934,783,1
935,777,1
936,607,2
937,547,2
938,594,1
939,341,4
940,857,1
941,642,1
942,123,5
943,394,1
944,855,2
945,185,4
946,242,2
947,582,1
948,606,2
949,588,2
950,699,1
951,405,2
952,900,1
953,91,6
954,566,2
955,110,5
956,313,3
957,543,2
958,533,2
959,688,1
960,750,2
961,727,3
962,441,3
963,679,2
964,853,1
965,245,5
966,525,1
967,520,1
968,786,2
969,136,5
970,853,2
971,691,2
972,801,2
973,971,1
974,92,5
975,700,1
976,187,4
977,347,2
978,299,2
979,819,1
980,945,1
981,22,7
982,219,2
983,882,1
984,138,4
985,783,1
986,6,9
987,479,1
988,329,3
989,554,1
990,170,3
991,99,3
992,288,3
993,601,1
994,805,1
995,158,3
996,858,1
997,330,3
998,682,2
999,655,2
1000,488,2
1001,570,1
1002,374,1
1003,287,2
1004,569,1
1005,482,1
1006,996,1
1007,743,1
1008,819,2
1009,305,3
1010,585,2
1011,774,1
1012,359,2
1013,797,1
1014,662,1
1015,518,1
1016,605,2
1017,673,1
1018,977,1
1019,938,1
1020,192,3
1021,119,3
1022,8,8
1023,513,1
1024,741,1
1025,853,1
1026,662,1
1027,597,1
1028,146,4
1029,326,1
1030,214,2
1031,641,1
1032,900,1
1033,613,2
1034,939,1
1035,433,2
1036,19,7
1037,937,1
1038,133,2
1039,887,1
1040,205,3
1041,716,1
1042,637,2
1043,590,2
1044,505,2
1045,270,2
1046,19,7
1047,28,4
1048,972,1
1049,1027,1
1050,1004,1
1051,101,4
1052,99,4
1053,1019,1
1054,627,1
1055,869,1
1056,826,1
1057,231,4
1058,417,2
1059,992,1
1060,590,2
1061,636,1
1062,594,2
1063,440,2
1064,170,5
1065,488,2
1066,852,1
1067,210,4
1068,350,3
1069,1005,1
1070,25,6
1071,584,1
1072,670,2
1073,696,1
1074,60,5
1075,81,4
1076,975,1
1077,101,3
1078,134,2
1079,874,1
1080,76,4
1081,62,4
1082,1000,1
1083,194,2
1084,20,6
1085,557,1
1086,1080,1
1087,887,1
1088,783,2
1089,423,3
1090,806,1
1091,280,4
1092,1059,2
1093,305,3
1094,713,1
1095,143,6
1096,789,2
1097,512,2
1098,357,3
1099,32,6
1100,434,3
1101,415,3
1102,649,2
1103,1089,1
1104,4,9
1105,706,1
1106,69,4
1107,1010,1
1108,818,2
1109,226,3
1110,791,1
1111,912,1
1112,306,4
1113,699,1
1114,1101,1
1115,336,3
1116,121,4
1117,1100,1
1118,127,3
1119,932,1
1120,419,3
1121,967,1
1122,70,5
1123,364,3
1124,151,4
1125,820,1
1126,533,2
1127,966,1
1128,198,4
1129,876,1
1130,1010,1
1131,639,1
1132,165,4
1133,538,1
1134,632,1
1135,169,3
1136,99,4
1137,705,1
1138,35,5
1139,952,1
1140,930,1
1141,856,2
1142,733,2
1143,89,3
1144,446,2
1145,726,1
1146,464,2
1147,577,1
1148,722,1
1149,593,2
1150,349,3
1151,1127,1
1152,411,3
1153,462,1
1154,350,3
1155,578,1
1156,118,4
1157,880,1
1158,377,1
1159,322,1
1160,642,3
1161,247,3
1162,970,1
1163,792,1
1164,780,2
1165,439,2
1166,965,1
1167,885,1
1168,1139,1
1169,1021,1
1170,694,1
1171,922,1
1172,726,2
1173,261,3
1174,1035,1
1175,1157,1
1176,1017,1
1177,304,3
1178,571,2
1179,581,1
1180,885,1
1181,913,1
1182,556,1
1183,118,3
1184,186,2
1185,903,1
1186,702,1
1187,312,2
1188,639,1
1189,1097,1
1190,655,2
1191,51,5
1192,141,3
1193,440,1
1194,876,1
1195,940,1
1196,864,1
1197,680,1
1198,668,1
1199,835,1
1200,522,3
1201,150,3
1202,604,1
1203,18,8
1204,420,2
1205,439,1
1206,11,8
1207,246,2
1208,745,1
1209,607,2
1210,827,1
1211,459,2
1212,318,2
1213,173,3
1214,580,1
1215,534,1
1216,1111,1
1217,40,7
1218,833,2
1219,549,2
1220,1176,1
1221,259,3
1222,612,2
1223,79,5
1224,724,2
1225,264,3
1226,1071,1
1227,358,2
1228,945,2
1229,519,2
1230,1215,1
1231,224,3
1232,672,3
1233,610,3
1234,258,5
1235,1091,1
1236,1044,1
1237,279,4
1238,74,5
1239,570,1
1240,883,2
1241,932,1
1242,1003,1
1243,1209,1
1244,1117,1
1245,343,4
1246,500,2
1247,985,1
1248,397,4
1249,55,6
1250,262,3
1251,349,2
1252,346,3
1253,870,2
1254,455,2
1255,1081,1
1256,1162,2
1257,269,4
1258,181,4
1259,859,1
1260,791,2
1261,170,4
1262,1097,1
1263,187,2
1264,779,2
1265,65,5
1266,16,7
1267,584,1
1268,370,2
1269,112,3
1270,1137,1
1271,1270,1
1272,1091,2
1273,881,2
1274,1238,1
1275,935,1
1276,1236,1
1277,458,3
1278,684,1
1279,368,3
1280,558,2
1281,939,1
1282,746,2
1283,878,1
1284,581,2
1285,1195,1
1286,704,1
1287,434,2
1288,180,3
1289,868,1
1290,11,7
1291,972,1
1292,1041,2
1293,1140,1
1294,1177,1
1295,564,2
1296,1227,1
1297,1204,1
1298,1122,1
1299,302,3
1300,9,7
1301,968,1
1302,303,2
1303,1124,1
1304,591,2
1305,260,3
1306,778,2
1307,546,2
1308,744,2
1309,135,3
1310,899,2
1311,1269,1
1312,1114,1
1313,336,4
1314,853,2
1315,356,3
1316,228,4
1317,239,3
1318,806,2
1319,402,2
1320,1138,1
1321,828,3
1322,60,5
1323,874,1
1324,676,2
1325,1276,1
1326,84,4
1327,599,1
1328,1177,2
1329,1253,1
1330,879,3
1331,1192,1
1332,900,2
1333,1202,1
1334,991,1
1335,147,4
1336,116,4
1337,442,1
1338,700,1
1339,863,1
1340,611,2
1341,268,3
1342,820,1
1343,383,2
1344,629,4
1345,350,4
1346,766,2
1347,848,1
1348,615,3
1349,212,4
1350,1274,1
1351,396,2
1352,1055,2
1353,1339,1
1354,1300,1
1355,369,3
1356,1299,1
1357,26,6
1358,951,1
1359,1136,1
1360,1313,1
1361,516,3
1362,979,2
1363,867,2
1364,355,3
1365,646,2
1366,1019,1
1367,488,2
1368,1082,2
1369,361,2
1370,1367,1
1371,321,3
1372,650,2
1373,835,1
1374,726,2
1375,1271,1
1376,1201,2
1377,78,5
1378,763,2
1379,420,3
1380,317,3
1381,670,1
1382,834,1
1383,10,7
1384,658,3
1385,794,2
1386,390,4
1387,605,2
1388,826,2
1389,1365,1
1390,344,4
1391,791,1
1392,493,3
1393,1355,1
1394,264,4
1395,858,1
1396,623,2
1397,1323,1
1398,1355,1
1399,310,3
1400,283,3
1401,1350,1
1402,658,1
1403,940,1
1404,819,2
1405,1371,1
1406,830,1
1407,632,1
1408,51,7
1409,176,4
1410,1051,1
1411,398,2
1412,850,2
1413,494,3
1414,410,3
1415,72,5
1416,1301,2
1417,832,3
1418,715,3
1419,729,2
1420,815,2
1421,1048,1
1422,59,5
1423,1310,1
1424,1009,2
1425,351,3
1426,766,2
1427,200,3
1428,271,3
1429,725,1
1430,538,2
1431,594,1
1432,668,2
1433,1190,1
1434,85,5
1435,22,7
1436,1152,1
1437,952,1
1438,679,2
1439,1238,1
1440,1131,2
1441,291,4
1442,200,5
1443,574,2
1444,825,2
1445,642,2
1446,672,2
1447,695,1
1448,8,8
1449,1367,1
1450,1411,1
1451,846,1
1452,993,1
1453,24,5
1454,720,1
1455,576,2
1456,399,3
1457,9,7
1458,789,1
1459,708,1
1460,751,3
1461,1310,1
1462,1289,1
1463,1398,1
1464,1054,1
1465,1394,1
1466,1431,1
1467,778,1
1468,903,2
1469,660,2
1470,564,2
1471,593,1
1472,958,3
1473,773,3
1474,1154,2
1475,293,4
1476,1395,1
1477,344,3
1478,998,1
1479,1410,1
1480,251,4
1481,959,1
1482,783,2
1483,1275,1
1484,997,1
1485,1,10
1486,357,2
1487,1411,1
1488,11,6
1489,1143,1
1490,644,2
1491,771,1
1492,988,3
1493,434,3
1494,694,2
1495,573,2
1496,362,3
1497,668,1
1498,1349,1
1499,1288,1
1500,1326,1
1501,405,3
1502,376,3
1503,816,1
1504,1183,1
1505,40,5
1506,1107,1
1507,1105,1
1508,408,3
1509,631,1
1510,1036,1
1511,694,2
1512,61,4
1513,299,2
1514,459,2
1515,1100,1
1516,302,3
1517,863,1
1518,1023,2
1519,314,2
1520,481,3
1521,134,4
1522,1102,2
1523,1497,1
1524,607,2
1525,262,3
1526,556,2
1527,975,1
1528,958,1
1529,389,3
1530,780,1
1531,785,1
1532,838,1
1533,1150,1
1534,31,5
1535,483,1
1536,1208,2
1537,1176,2
1538,66,6
1539,72,5
1540,258,3
1541,1146,1
1542,805,2
1543,344,2
1544,1465,2
1545,1277,2
1546,1474,2
1547,231,4
1548,591,2
1549,977,1
1550,580,3
1551,1086,1
1552,1119,2
1553,132,5
1554,1064,1
1555,157,4
1556,418,3
1557,49,6
1558,1169,1
1559,1396,1
1560,466,3
1561,369,3
1562,625,2
1563,1315,1
1564,1542,1
1565,675,3
1566,238,4
1567,1212,1
1568,276,4
1569,319,2
1570,1315,2
1571,565,2
1572,1502,1
1573,536,2
1574,934,1
1575,1431,1
1576,247,3
1577,869,1
1578,69,6
1579,877,1
1580,242,3
1581,697,1
1582,369,2
1583,1396,1
1584,834,3
1585,1465,1
1586,1559,1
1587,1250,2
1588,1529,1
1589,1159,1
1590,1083,1
1591,420,2
1592,1550,2
1593,92,5
1594,151,4
1595,1530,1
1596,803,1
1597,406,3
1598,1168,1
1599,1076,1
1600,760,3
1601,926,1
1602,36,6
1603,691,2
1604,1466,1
1605,1001,2
1606,507,1
1607,100,4
1608,240,4
1609,622,2
1610,994,2
1611,504,2
1612,1294,1
1613,1377,1
1614,300,3
1615,509,1
1616,1243,2
1617,275,4
1618,162,4
1619,1184,1
1620,1483,1
1621,1273,1
1622,1617,1
1623,1434,1
1624,1388,1
1625,148,3
1626,1369,1
1627,550,1
1628,574,2
1629,952,1
1630,22,9
1631,1341,1
1632,221,3
1633,56,6
1634,390,2
1635,54,6
1636,1086,1
1637,942,1
1638,191,3
1639,1351,1
1640,1540,1
1641,1197,2
1642,225,4
1643,1223,1
1644,969,2
1645,539,3
1646,83,4
1647,580,1
1648,857,2
1649,273,4
1650,133,5
1651,714,2
1652,1580,1
1653,127,5
1654,492,2
1655,1340,1
1656,284,4
1657,234,4
1658,247,3
1659,903,1
1660,1185,2
1661,272,3
1662,582,2
1663,1420,1
1664,355,3
1665,995,1
1666,1496,1
1667,1476,1
1668,249,4
1669,19,9
1670,1169,1
1671,147,4
1672,1251,2
1673,1412,1
1674,1404,1
1675,552,1
1676,288,3
1677,1515,1
1678,1143,2
1679,1146,1
1680,99,6
1681,1282,1
1682,170,4
1683,28,7
1684,1434,1
1685,705,3
1686,1412,1
1687,28,7
1688,945,3
1689,1663,1
1690,955,2
1691,440,4
1692,257,4
1693,1539,1
1694,176,4
1695,643,1
1696,860,3
1697,5,10
1698,430,3
1699,1097,1
1700,26,6
1701,1626,1
1702,1252,2
1703,1298,1
1704,1353,1
1705,996,2
1706,159,4
1707,1659,1
1708,823,2
1709,1324,1
1710,1112,1
1711,943,1
1712,954,2
1713,1294,1
1714,988,2
1715,687,2
1716,272,4
1717,700,1
1718,731,2
1719,1204,1
1720,678,2
1721,1666,1
1722,1657,1
1723,943,2
1724,1502,2
1725,106,5
1726,1578,1
1727,628,2
1728,110,6
1729,272,5
1730,7,9
1731,151,4
1732,200,3
1733,1280,1
1734,1489,1
1735,1592,1
1736,535,3
1737,1652,1
1738,1532,1
1739,1357,1
1740,1258,1
1741,942,2
1742,557,2
1743,477,2
1744,505,4
1745,1546,1
1746,1146,2
1747,803,2
1748,500,4
1749,112,5
1750,267,4
1751,1161,1
1752,50,6
1753,204,3
1754,360,2
1755,1597,1
1756,326,3
1757,201,3
1758,475,2
1759,460,2
1760,488,3
1761,480,3
1762,620,1
1763,706,1
1764,15,7
1765,360,2
1766,528,1
1767,576,1
1768,273,4
1769,314,3
1770,184,4
1771,1568,1
1772,1254,2
1773,796,2
1774,274,3
1775,1771,1
1776,559,4
1777,1447,1
1778,822,2
1779,1071,1
1780,1581,2
1781,1077,2
1782,481,4
1783,1654,1
1784,1273,1
1785,865,3
1786,1482,2
1787,1616,1
1788,1059,3
1789,164,5
1790,285,4
1791,1533,1
1792,677,3
1793,928,1
1794,440,4
1795,695,1
1796,1265,1
1797,992,2
1798,1247,2
1799,1558,1
1800,1283,2
1801,1436,1
1802,1343,1
1803,798,3
1804,413,3
1805,1632,1
1806,790,2
1807,1002,1
1808,1287,2
1809,1574,1
1810,249,4
1811,1096,2
1812,862,3
1813,751,3
1814,974,2
1815,331,3
1816,1586,1
1817,658,3
1818,141,5
1819,848,1
1820,841,3
1821,434,3
1822,563,2
1823,1476,1
1824,1352,2
1825,1032,2
1826,335,4
1827,847,2
1828,154,4
1829,1614,1
1830,567,2
1831,1466,1
1832,1245,2
1833,82,6
1834,421,2
1835,1678,1
1836,1759,1
1837,1187,1
1838,842,1
1839,1224,1
1840,966,2
1841,1087,1
1842,503,3
1843,1806,1
1844,1808,1
1845,1462,1
1846,298,5
1847,1576,1
1848,271,5
1849,454,1
1850,567,1
1851,1113,1
1852,918,2
1853,1151,1
1854,786,1
1855,412,3
1856,306,4
1857,1114,1
1858,1248,1
1859,482,2
1860,907,2
1861,1830,1
1862,88,7
1863,279,4
1864,55,7
1865,544,2
1866,87,6
1867,1859,1
1868,1749,1
1869,968,3
1870,1239,2
1871,867,3
1872,154,5
1873,1756,1
1874,839,2
1875,111,5
1876,1370,1
1877,1128,2
1878,1739,1
1879,1661,1
1880,1576,2
1881,433,4
1882,932,2
1883,607,3
1884,1592,1
1885,1687,1
1886,1056,1
1887,18,9
1888,946,3
1889,410,3
1890,514,2
1891,1814,1
1892,380,3
1893,631,1
1894,209,6
1895,465,1
1896,1179,2
1897,320,4
1898,457,3
1899,1076,1
1900,1283,2
1901,1732,1
1902,3,10
1903,1446,1
1904,1601,2
1905,854,2
1906,1579,2
1907,1123,2
1908,41,6
1909,1432,1
1910,895,2
1911,1662,1
1912,1870,1
1913,1796,2
1914,362,4
1915,1578,1
1916,1584,2
1917,1392,2
1918,1605,1
1919,607,3
1920,1821,1
1921,197,5
1922,538,4
1923,281,4
1924,859,3
1925,765,3
1926,782,2
1927,70,6
1928,1099,2
1929,1220,1
1930,1168,2
1931,446,4
1932,1057,1
1933,1176,1
1934,1910,1
1935,758,3
1936,52,7
1937,1584,1
1938,1846,1
1939,103,4
1940,1137,3
1941,819,3
1942,1813,1
1943,1104,2
1944,682,3
1945,235,4
1946,763,2
1947,343,3
1948,1658,1
1949,424,3
1950,989,2
1951,1551,1
1952,636,3
1953,1487,1
1954,1856,1
1955,1472,1
1956,289,4
1957,677,1
1958,1564,2
1959,1370,2
1960,1910,1
1961,820,2
1962,1833,1
1963,1021,2
1964,12,8
1965,1822,1
1966,1748,1
1967,64,5
1968,1463,2
1969,1653,1
1970,204,4
1971,631,2
1972,498,2
1973,59,5
1974,1725,1
1975,1187,1
1976,313,3
1977,510,2
1978,1523,1
1979,20,7
1980,959,1
1981,541,2
1982,1596,1
1983,1560,1
1984,53,6
1985,1502,1
1986,1116,2
1987,371,2
1988,204,4
1989,724,1
1990,1779,1
1991,153,5
1992,1503,2
1993,1642,1
1994,1188,2
1995,1513,1
1996,1488,2
1997,984,3
1998,1598,1
1999,1020,2
2000,651,3
2001,1841,1
2002,1631,1
2003,1172,1
2004,1912,1
2005,1376,1
2006,347,4
2007,227,4
2008,1898,1
2009,1902,1
2010,250,4
2011,867,1
2012,435,3
2013,1880,1
2014,426,3
2015,507,1
2016,1391,2
2017,1524,1
2018,902,3
2019,1601,1
2020,235,5
2021,672,2
2022,1779,1
2023,1769,1
2024,306,4
2025,976,1
2026,1295,2
2027,1844,1
2028,1931,1
2029,930,2
2030,847,2
2031,568,3
2032,757,3
2033,456,4
2034,1722,1
2035,642,3
2036,1875,2
2037,35,7
2038,903,2
2039,1761,1
2040,1981,1
2041,1144,1
2042,589,1
2043,374,3
2044,1017,2
2045,1040,1
2046,914,2
2047,367,2
2048,536,4
2049,1777,1
2050,2006,1
2051,788,2
2052,402,4
2053,1764,1
2054,512,3
2055,727,1
2056,694,2
2057,1832,1
2058,533,2
2059,599,1
2060,705,2
2061,1351,1
2062,1179,2
2063,1428,1
2064,1822,1
2065,864,3
2066,32,8
2067,1639,1
2068,912,2
2069,944,1
2070,1367,1
2071,839,3
2072,2054,1
2073,1968,1
2074,1219,2
2075,1019,2
2076,947,1
2077,21,8
2078,1354,2
2079,1441,1
2080,1830,1
2081,1322,2
2082,147,4
2083,153,3
2084,1068,3
2085,686,3
2086,924,2
2087,1730,1
2088,447,3
2089,1416,1
2090,242,3
2091,1189,1
2092,725,1
2093,1404,1
2094,544,1
2095,481,2
2096,160,5
2097,585,2
2098,54,6
2099,1089,1
2100,1499,2
2101,1457,2
2102,1888,1
2103,1483,1
2104,1358,1
2105,1026,1
2106,396,3
2107,192,4
2108,1053,2
2109,1785,1
2110,1664,2
2111,795,2
2112,1062,2
2113,1841,1
2114,959,2
2115,2087,1
2116,418,5
2117,1838,1
2118,1726,2
2119,906,2
2120,1202,2
2121,1989,1
2122,2067,1
2123,1907,1
2124,1306,2
2125,482,4
2126,269,5
2127,1457,1
2128,1091,2
2129,333,5
2130,416,3
2131,462,1
2132,1826,1
2133,192,6
2134,1986,1
2135,1111,2
2136,1243,2
2137,250,5
2138,1298,2
2139,92,6
2140,2074,1
2141,879,2
2142,921,2
2143,998,1
2144,602,3
2145,1845,1
2146,969,2
2147,1045,1
2148,1555,1
2149,571,2
2150,1911,1
2151,625,2
2152,426,3
2153,1847,1
2154,388,3
2155,1735,1
2156,181,4
2157,667,1
2158,1121,2
2159,1290,1
2160,1039,2
2161,1502,1
2162,1733,1
2163,719,3
2164,1703,2
2165,1586,2
2166,1805,2
2167,813,2
2168,1858,2
2169,980,2
2170,931,2
2171,1783,1
2172,1824,2
2173,1811,2
2174,615,3
2175,250,3
2176,1504,2
2177,1556,1
2178,1298,2
2179,966,2
2180,2144,1
2181,1079,2
2182,1556,1
2183,396,5
2184,751,3
2185,1982,1
2186,2183,1
2187,967,2
2188,456,4
2189,1127,1
2190,41,6
2191,1480,1
2192,446,4
2193,1820,1
2194,23,7
2195,8,9
2196,1289,1
2197,1861,1
2198,830,1
2199,981,1
2200,647,4
2201,1717,1
2202,583,4
2203,297,4
2204,1386,2
2205,1226,3
2206,564,3
2207,733,2
2208,593,3
2209,1869,1
2210,1667,1
2211,544,3
2212,735,2
2213,1101,1
2214,987,2
2215,1478,1
2216,873,2
2217,982,1
2218,224,4
2219,1334,1
2220,2079,1
2221,285,3
2222,632,2
2223,311,2
2224,2156,1
2225,657,4
2226,315,4
2227,1241,1
2228,313,4
2229,1181,1
2230,2177,1
2231,1003,2
2232,684,3
2233,537,3
2234,1316,2
2235,2095,1
2236,1734,2
2237,1846,1
2238,601,3
2239,88,5
2240,1513,2
2241,53,7
2242,675,3
2243,18,7
2244,1182,2
2245,1636,1
2246,1522,1
2247,2023,1
2248,368,4
2249,1756,1
2250,1149,2
2251,221,4
2252,2079,2
2253,1732,2
2254,552,3
2255,2002,1
2256,138,5
2257,912,1
2258,996,2
2259,480,2
2260,2074,1
2261,949,3
2262,1468,1
2263,490,3
2264,1465,2
2265,517,2
2266,348,3
2267,1018,1
2268,112,5
2269,994,1
2270,1144,1
2271,1664,1
2272,1066,3
2273,1769,1
2274,1687,1
2275,2209,1
2276,1217,2
2277,1003,2
2278,1972,1
2279,1558,2
2280,492,3
2281,849,2
2282,1790,2
2283,312,3
2284,315,3
2285,74,6
2286,48,6
2287,475,1
2288,1025,2
2289,1079,1
2290,1010,2
2291,803,4
2292,1990,2
2293,178,5
2294,1335,1
2295,1224,1
2296,713,3
2297,1650,1
2298,2199,1
2299,875,2
2300,329,4
2301,1047,1
2302,246,4
2303,1406,1
2304,525,4
2305,1977,1
2306,1349,1
2307,1716,1
2308,678,3
2309,1041,1
2310,1048,2
2311,1212,1
2312,1830,1
2313,541,3
2314,1495,2
2315,2178,1
2316,651,2
2317,1563,1
2318,343,4
2319,1640,1
2320,306,4
2321,1374,1
2322,111,6
2323,7,10
2324,1530,2
2325,1466,2
2326,1251,3
2327,2271,1
2328,819,3
2329,1148,1
2330,814,3
2331,1196,1
2332,2153,1
2333,1098,2
2334,219,4
2335,335,3
2336,745,3
2337,1554,2
2338,2111,1
2339,1436,2
2340,234,3
2341,798,2
2342,261,2
2343,2135,1
2344,1383,2
2345,1777,1
2346,1983,1
2347,1992,1
2348,1062,3
2349,2347,1
2350,1355,2
2351,1389,1
2352,1391,2
2353,1478,1
2354,1391,2
2355,575,4
2356,578,3
2357,227,4
2358,509,3
2359,1423,1
2360,1396,2
2361,1370,2
2362,202,4
2363,1214,2
2364,44,7
2365,448,2
2366,1531,1
2367,808,1
2368,2040,1
2369,1328,1
2370,2239,1
2371,2301,1
2372,2103,1
2373,120,5
2374,2070,1
2375,1122,2
2376,1946,1
2377,1704,1
2378,737,2
2379,639,3
2380,1706,2
2381,2086,1
2382,1992,1
2383,715,2
2384,1215,2
2385,1024,2
2386,1334,1
2387,1761,1
2388,1282,3
2389,1811,1
2390,808,3
2391,233,4
2392,795,3
2393,1051,1
2394,1464,1
2395,861,2
2396,1511,1
2397,600,2
2398,1658,2
2399,1194,2
2400,1900,1
2401,1543,2
2402,1111,2
2403,1641,1
2404,1676,1
2405,777,2
2406,340,2
2407,1301,1
2408,85,5
2409,1132,1
2410,1892,1
2411,1827,1
2412,811,2
2413,1532,1
2414,126,3
2415,1994,1
2416,105,5
2417,1489,1
2418,1412,2
2419,1428,1
2420,918,2
2421,2222,1
2422,1647,1
2423,1692,1
2424,824,2
2425,697,2
2426,111,4
2427,2344,1
2428,1331,1
2429,1814,1
2430,1112,1
2431,819,3
2432,972,3
2433,2194,1
2434,43,7
2435,217,4
2436,532,3
2437,407,3
2438,1536,2
2439,652,2
2440,1547,2
2441,1027,2
2442,58,6
2443,2361,1
2444,89,5
2445,216,2
2446,1927,1
2447,237,2
2448,1708,2
2449,917,3
2450,1665,1
2451,161,5
2452,685,3
2453,902,1
2454,1895,2
2455,1534,2
2456,1589,2
2457,2044,1
2458,1453,2
2459,447,3
2460,1464,2
2461,51,6
2462,1314,1
2463,2408,1
2464,2291,1
2465,1378,2
2466,158,6
2467,357,4
2468,1764,2
2469,1708,2
2470,1042,3
2471,856,3
2472,260,4
2473,1131,2
2474,759,2
2475,377,3
2476,1369,2
2477,246,4
2478,634,2
2479,595,2
2480,1196,3
2481,2323,1
2482,783,4
2483,1852,1
2484,734,4
2485,214,5
2486,928,2
2487,2347,1
2488,2309,1
2489,2349,1
2490,316,4
2491,1304,1
2492,2430,1
2493,1623,2
2494,1259,2
2495,2244,1
2496,479,4
2497,1433,1
2498,90,7
2499,2294,1
2500,638,3
2501,1184,1
2502,646,2
2503,935,1
2504,2288,1
2505,1455,3
2506,1328,3
2507,1150,3
2508,1680,2
2509,1931,1
2510,1729,2
2511,348,4
2512,1780,3
2513,9,8
2514,2230,2
2515,13,7
2516,233,3
2517,620,2
2518,2387,1
2519,45,5
2520,481,3
2521,176,4
2522,1374,2
2523,412,2
2524,1833,2
2525,44,5
2526,134,3
2527,2338,1
2528,1502,2
2529,272,3
2530,2101,1
2531,2113,1
2532,1479,1
2533,213,3
2534,503,2
2535,1246,1
2536,1667,1
2537,1824,1
2538,2354,1
2539,839,1
2540,1286,3
2541,1580,2
2542,1219,3
2543,504,3
2544,1594,3
2545,923,4
2546,513,5
2547,1820,1
2548,1563,2
2549,383,5
2550,1875,1
2551,2025,1
2552,580,4
2553,693,3
2554,2463,1
2555,2446,1
2556,746,3
2557,50,6
2558,2245,1
2559,2225,1
2560,337,5
2561,1818,1
2562,1800,2
2563,1796,2
2564,2036,2
2565,2332,1
2566,460,3
2567,1200,2
2568,1620,2
2569,264,5
2570,2001,2
2571,291,4
2572,1850,1
2573,643,3
2574,806,2
2575,874,1
2576,1578,2
2577,1361,2
2578,101,6
2579,534,2
2580,1723,1
2581,2015,1
2582,19,8
2583,2327,1
2584,111,4
2585,2518,1
2586,2204,2
2587,885,2
2588,2569,1
2589,1883,2
2590,535,3
2591,330,3
2592,1162,3
2593,2384,1
2594,2145,2
2595,613,3
2596,2112,2
2597,28,6
2598,1789,2
2599,1169,2
2600,305,4
2601,1271,1
2602,1474,2
2603,2171,1
2604,1888,1
2605,2257,1
2606,446,3
2607,871,1
2608,1025,2
2609,573,3
2610,1445,1
2611,119,5
2612,14,8
2613,1467,1
2614,2495,1
2615,127,3
2616,1381,2
2617,2093,1
2618,1058,2
2619,1369,1
2620,1428,3
2621,1603,2
2622,1677,2
2623,2559,1
2624,1386,3
2625,1257,3
2626,543,4
2627,889,2
2628,1295,2
2629,2383,1
2630,2029,1
2631,1588,2
2632,1014,2
2633,871,2
2634,1160,2
2635,259,5
2636,509,3
2637,1613,1
2638,1161,2
2639,1560,1
2640,2169,2
2641,2580,1
2642,1681,3
2643,2181,1
2644,1406,3
2645,1575,2
2646,2344,1
2647,83,7
2648,1050,3
2649,756,3
2650,1489,2
2651,2455,1
2652,2351,1
2653,494,2
2654,2377,1
2655,1087,2
2656,1741,4
2657,260,5
2658,1962,2
2659,361,3
2660,5,9
2661,1397,2
2662,1950,2
2663,1032,2
2664,2247,2
2665,437,4
2666,1309,2
2667,87,5
2668,2047,1
2669,2454,1
2670,1675,1
2671,1607,1
2672,2362,1
2673,671,2
2674,1152,1
2675,1100,1
2676,2232,1
2677,820,3
2678,1209,2
2679,598,3
2680,1605,2
2681,2654,1
2682,386,4
2683,1310,1
2684,471,3
2685,88,5
2686,2366,1
2687,2235,1
2688,378,5
2689,1691,1
2690,2621,1
2691,383,4
2692,355,5
2693,1886,1
2694,1434,2
2695,2638,1
2696,2343,1
2697,1,11
2698,45,6
2699,1730,1
2700,2482,2
2701,1723,2
2702,633,3
2703,2136,1
2704,2397,1
2705,1777,3
2706,544,4
2707,1953,1
2708,2623,1
2709,1749,3
2710,2562,1
2711,1539,3
2712,1725,2
2713,237,5
2714,79,5
2715,2194,1
2716,355,3
2717,2499,1
2718,1759,2
2719,755,2
2720,1474,3
2721,1698,2
2722,1144,3
2723,1809,1
2724,871,4
2725,2555,1
2726,1761,2
2727,513,4
2728,2560,1
2729,1802,2
2730,2246,1
2731,2315,1
2732,812,3
2733,149,6
2734,1766,2
2735,496,4
2736,1964,2
2737,2316,1
2738,2491,1
2739,1869,2
2740,1375,2
2741,2331,1
2742,659,3
2743,344,5
2744,2592,1
2745,763,3
2746,2584,1
2747,201,5
2748,512,3
2749,1632,1
2750,968,2
2751,1979,1
2752,560,4
2753,2093,1
2754,1081,2
2755,1475,1
2756,1919,2
2757,73,6
2758,1969,1
2759,1757,1
2760,1900,1
2761,1529,2
2762,1377,1
2763,2733,1
2764,1690,1
2765,363,3
2766,477,2
2767,897,1
2768,2715,2
2769,206,5
2770,25,7
2771,1328,1
2772,2585,1
2773,688,3
2774,1668,1
2775,2427,1
2776,1468,3
2777,1519,2
2778,2648,2
2779,1965,2
2780,347,4
2781,837,2
2782,1206,2
2783,928,2
2784,161,6
2785,2252,1
2786,2384,2
2787,2127,2
2788,2351,2
2789,1621,2
2790,1143,2
2791,1520,1
2792,326,4
2793,2498,1
2794,1497,2
2795,2022,1
2796,60,6
2797,1944,1
2798,113,5
2799,18,7
2800,2167,1
2801,139,5
2802,1359,2
2803,1978,1
2804,850,3
2805,203,4
2806,1656,2
2807,2307,1
2808,1738,2
2809,1520,3
2810,1522,2
2811,2080,1
2812,2339,1
2813,2718,1
2814,188,4
2815,2549,1
2816,2179,2
2817,2629,1
2818,1869,2
2819,1770,2
2820,1439,2
2821,188,5
2822,459,3
2823,1771,1
2824,2736,1
2825,1937,2
2826,980,3
2827,2798,1
2828,1113,2
2829,1126,1
2830,2818,1
2831,475,3
2832,1292,4
2833,1358,3
2834,2481,2
2835,2131,2
2836,1580,2
2837,1316,3
2838,1669,1
2839,465,4
2840,2825,1
2841,336,4
2842,2588,1
2843,2344,1
2844,229,4
2845,2787,1
2846,2070,2
2847,2447,1
2848,2607,1
2849,1140,3
2850,1407,2
2851,1186,2
2852,1357,2
2853,1843,1
2854,92,7
2855,1259,1
2856,962,3
2857,1103,2
2858,1232,2
2859,2075,1
2860,2211,1
2861,1223,2
2862,2566,1
2863,654,3
2864,2578,1
2865,2198,1
2866,2823,1
2867,1298,3
2868,671,2
2869,1648,1
2870,1764,1
2871,660,2
2872,1956,2
2873,1503,2
2874,153,5
2875,2195,1
2876,1450,2
2877,2256,1
2878,1813,2
2879,1180,3
2880,547,4
2881,332,5
2882,2357,1
2883,1900,2
2884,2186,1
2885,2486,1
2886,288,5
2887,290,4
2888,711,4
2889,1548,1
2890,2387,1
2891,63,6
2892,2773,1
2893,2098,1
2894,738,3
2895,2465,1
2896,1470,2
2897,691,2
2898,870,2
2899,2131,1
2900,2316,2
2901,2672,1
2902,2820,1
2903,1451,3
2904,1268,2
2905,73,5
2906,766,2
2907,2716,1
2908,2365,1
2909,2597,1
2910,996,3
2911,36,6
2912,27,6
2913,489,3
2914,1962,1
2915,2230,1
2916,83,4
2917,2256,1
2918,2551,1
2919,821,2
2920,895,4
2921,2051,2
2922,880,4
2923,789,4
2924,1287,3
2925,1654,2
2926,363,4
2927,2755,1
2928,2316,1
2929,1253,3
2930,1979,2
2931,1787,2
2932,1002,4
2933,1891,1
2934,285,5
2935,2267,1
2936,1978,2
2937,1075,3
2938,2083,1
2939,1483,2
2940,751,4
2941,151,5
2942,1520,1
2943,781,2
2944,659,4
2945,555,5
2946,94,6
2947,768,1
2948,2871,1
2949,2707,1
2950,1604,2
2951,839,3
2952,1841,2
2953,2479,1
2954,1645,1
2955,153,5
2956,1190,3
2957,1975,1
2958,2955,1
2959,593,3
2960,287,5
2961,2001,1
2962,2376,1
2963,1326,2
2964,968,3
2965,2711,1
2966,649,3
2967,21,8
2968,819,3
2969,2776,1
2970,1521,2
2971,1587,1
2972,2944,1
2973,54,5
2974,2332,2
2975,640,2
2976,616,5
2977,2447,1
2978,1437,2
2979,530,5
2980,2204,1
2981,47,5
2982,1390,2
2983,1101,2
2984,2556,2
2985,37,6
2986,1265,2
2987,788,3
2988,2033,2
2989,1263,2
2990,1399,1
2991,2331,1
2992,292,5
2993,835,2
2994,681,4
2995,1291,1
2996,545,4
2997,1367,2
2998,1312,2
2999,1386,1
3000,1163,2
3001,2827,1
3002,2961,1
3003,1144,2
3004,2888,2
3005,2320,2
3006,1798,1
3007,509,4
3008,1839,2
3009,208,5
3010,1062,2
3011,1061,2
3012,260,4
3013,2433,1
3014,2143,2
3015,2862,1
3016,2471,1
3017,413,4
3018,627,3
3019,1562,1
3020,1711,2
3021,2028,1
3022,896,3
3023,1976,1
3024,2873,1
3025,1615,2
3026,251,4
3027,405,3
3028,2959,1
3029,1595,1
3030,1803,2
3031,1105,2
3032,1414,2
3033,1773,1
3034,2236,1
3035,1286,2
3036,1089,2
3037,1016,2
3038,1813,2
3039,2934,1
3040,1250,2
3041,2868,1
3042,946,3
3043,1541,1
3044,2295,2
3045,76,6
3046,1386,2
3047,1800,1
3048,496,4
3049,2002,1
3050,289,4
3051,2200,1
3052,1017,3
3053,1209,1
3054,1169,2
3055,876,3
3056,2819,1
3057,1435,2
3058,1281,2
3059,2746,1
3060,3020,1
3061,36,7
3062,799,2
3063,1394,1
3064,1820,1
3065,2,10
3066,2665,1
3067,2896,1
3068,1028,1
3069,1441,1
3070,2806,1
3071,2287,1
3072,1262,3
3073,685,3
3074,753,2
3075,512,3
3076,779,3
3077,2132,1
3078,2310,1
3079,1291,1
3080,1106,3
3081,2620,1
3082,437,4
3083,2124,1
3084,757,2
3085,1633,1
3086,3018,1
3087,518,3
3088,3050,1
3089,1228,3
3090,191,5
3091,3015,1
3092,1267,3
3093,1009,3
3094,1318,2
3095,3091,1
3096,1011,4
3097,906,4
3098,2919,1
3099,2048,1
3100,2339,1
3101,2645,1
3102,1286,2
3103,520,4
3104,246,5
3105,2043,1
3106,1049,2
3107,1039,2
3108,1120,2
3109,288,3
3110,2341,1
3111,2223,1
3112,2951,1
3113,2791,2
3114,1279,2
3115,605,3
3116,1315,3
3117,1215,3
3118,1159,3
3119,1276,1
3120,2435,2
3121,1381,2
3122,1201,2
3123,596,4
3124,2375,2
3125,2495,1
3126,595,4
3127,282,5
3128,308,4
3129,434,3
3130,2365,1
3131,2685,1
3132,3118,1
3133,541,3
3134,88,8
3135,235,4
3136,2611,2
3137,1176,2
3138,1308,2
3139,606,3
3140,1489,2
3141,532,5
3142,2876,1
3143,1318,2
3144,199,6
3145,998,2
3146,1945,2
3147,1580,2
3148,2227,1
3149,3089,1
3150,2822,2
3151,1594,2
3152,1326,2
3153,888,3
3154,2164,1
3155,568,3
3156,262,4
3157,2779,1
3158,882,2
3159,589,2
3160,66,8
3161,109,6
3162,133,5
3163,61,8
3164,669,3
3165,248,3
3166,307,2
3167,137,3
3168,1465,4
3169,1660,3
3170,777,4
3171,2918,1
3172,2163,3
3173,497,5
3174,1062,2
3175,2381,1
3176,1559,3
3177,3005,1
3178,773,3
3179,597,4
3180,2952,1
3181,452,5
3182,2167,1
3183,1113,1
3184,1367,2
3185,1207,2
3186,1729,2
3187,1658,2
3188,833,2
3189,2557,1
3190,2216,2
3191,912,2
3192,2694,1
3193,2378,1
3194,964,2
3195,171,6
3196,2624,1
3197,1292,2
3198,350,3
3199,901,1
3200,2938,1
3201,1145,3
3202,626,3
3203,1933,1
3204,1671,2
3205,1740,1
3206,1138,3
3207,3169,1
3208,1574,3
3209,1931,2
3210,559,3
3211,1320,2
3212,2360,1
3213,2756,1
3214,2413,1
3215,503,3
3216,752,3
3217,929,2
3218,2137,1
3219,1625,1
3220,290,5
3221,1199,1
3222,2477,1
3223,3025,1
3224,366,4
3225,230,5
3226,3,11
3227,3025,1
3228,1578,1
3229,356,3
3230,699,2
3231,1282,1
3232,1533,2
3233,1355,2
3234,3196,1
3235,3152,1
3236,3046,1
3237,1107,2
3238,3115,1
3239,1392,2
3240,3026,1
3241,454,4
3242,2664,1
3243,2171,2
3244,3,11
3245,1924,2
3246,2681,2
3247,761,2
3248,2812,1
3249,1660,2
3250,2352,1
3251,3123,1
3252,2803,1
3253,1662,2
3254,2936,1
3255,3177,1
3256,1905,2
3257,2941,1
3258,2988,1
3259,147,5
3260,43,7
3261,433,1
3262,1476,2
3263,1591,1
3264,1827,2
3265,1432,2
3266,1507,1
3267,1646,1
3268,2506,1
3269,1364,2
3270,2990,1
3271,2314,1
3272,1858,2
3273,2416,1
3274,1262,3
3275,1862,1
3276,1056,2
3277,691,3
3278,2566,2
3279,628,3
3280,2328,3
3281,1724,3
3282,505,4
3283,1929,1
3284,47,7
3285,171,4
3286,1862,2
3287,1962,1
3288,3155,1
3289,1573,2
3290,2110,1
3291,3206,1
3292,2005,1
3293,268,4
3294,1513,1
3295,485,2
3296,1734,2
3297,2967,1
3298,2111,1
3299,960,3
3300,1026,3
3301,1865,1
3302,3296,1
3303,2859,1
3304,969,3
3305,1271,2
3306,1426,2
3307,2073,1
3308,1991,2
3309,697,3
3310,2667,1
3311,1003,2
3312,2403,2
3313,3211,1
3314,2912,1
3315,2447,1
3316,78,6
3317,1476,1
3318,1089,2
3319,3272,1
3320,3012,1
3321,3227,1
3322,3181,1
3323,1721,2
3324,159,5
3325,1363,1
3326,2178,2
3327,1929,2
3328,1014,3
3329,981,3
3330,2840,1
3331,2100,1
3332,2812,2
3333,2837,1
3334,1684,3
3335,477,4
3336,786,2
3337,3064,1
3338,2526,1
3339,2760,1
3340,431,3
3341,1957,1
3342,469,2
3343,2855,1
3344,1863,3
3345,75,6
3346,2030,2
3347,1942,2
3348,1573,2
3349,3110,1
3350,1906,1
3351,1242,1
3352,3019,1
3353,1760,3
3354,2930,2
3355,3207,1
3356,3103,2
3357,1827,3
3358,1798,3
3359,783,3
3360,2771,2
3361,1294,3
3362,2874,1
3363,2282,2
3364,803,2
3365,1195,1
3366,2749,1
3367,1645,2
3368,914,3
3369,2009,1
3370,1035,2
3371,1356,1
3372,547,3
3373,1554,1
3374,884,2
3375,2391,1
3376,1649,3
3377,2901,1
3378,955,4
3379,3171,1
3380,2652,2
3381,2814,1
3382,1028,3
3383,2340,1
3384,1208,3
3385,626,3
3386,2201,2
3387,960,2
3388,2444,2
3389,586,3
3390,1790,1
3391,1928,1
3392,1943,2
3393,1291,3
3394,800,4
3395,2695,1
3396,2481,2
3397,201,5
3398,962,2
3399,26,8
3400,2225,2
3401,2046,2
3402,1399,3
3403,2771,1
3404,145,4
3405,2278,2
3406,1853,2
3407,1833,2
3408,1858,3
3409,2756,1
3410,1621,3
3411,1109,3
3412,2236,1
3413,2642,1
3414,80,5
3415,50,7
3416,3309,1
3417,2308,1
3418,1003,3
3419,2350,1
3420,2908,1
3421,2764,1
3422,835,3
3423,1433,1
3424,659,4
3425,1709,2
3426,739,3
3427,3184,1
3428,1944,2
3429,1756,2
3430,3209,1
3431,709,3
3432,330,5
3433,1188,1
3434,111,6
3435,499,3
3436,69,6
3437,1999,1
3438,2319,2
3439,1955,2
3440,1343,2
3441,491,4
3442,3037,2
3443,141,5
3444,3182,2
3445,3148,2
3446,196,4
3447,3067,1
3448,2059,3
3449,1239,3
3450,2047,2
3451,1561,2
3452,593,3
3453,2860,1
3454,2974,1
3455,1291,2
3456,1100,2
3457,286,5
3458,1033,2
3459,3028,1
3460,2064,1
3461,824,2
3462,305,3
3463,2377,1
3464,2065,2
3465,439,3
3466,2884,1
3467,2141,2
3468,2414,2
3469,1812,2
3470,563,3
3471,299,4
3472,2286,2
3473,165,6
3474,473,4
3475,2066,1
3476,3362,1
3477,688,3
3478,1702,2
3479,1974,1
3480,1985,2
3481,207,5
3482,11,9
3483,2556,1
3484,3132,1
3485,3009,1
3486,375,3
3487,769,2
3488,3322,1
3489,1440,3
3490,357,5
3491,1928,1
3492,2274,2
3493,671,3
3494,801,2
3495,840,1
3496,1116,2
3497,219,5
3498,2957,1
3499,74,6
3500,2074,2
3501,63,6
3502,404,2
3503,856,1
3504,233,5
3505,884,1
3506,2886,1
3507,122,5
3508,1614,2
3509,1079,2
3510,2116,2
3511,41,6
3512,1335,2
3513,2128,1
3514,2620,1
3515,980,1
3516,1656,2
3517,2986,1
3518,1794,1
3519,1470,1
3520,943,4
3521,2157,1
3522,3375,1
3523,3240,1
3524,2785,1
3525,655,4
3526,557,4
3527,433,5
3528,907,2
3529,40,7
3530,511,3
3531,2944,1
3532,99,5
3533,924,2
3534,292,3
3535,359,2
3536,1840,2
3537,3244,1
3538,493,4
3539,3406,1
3540,794,2
3541,2592,1
3542,3455,1
3543,2166,2
3544,1172,3
3545,2555,1
3546,3101,1
3547,2784,1
3548,2081,1
3549,1359,2
3550,735,3
3551,2969,1
3552,3486,1
3553,581,5
3554,2685,2
3555,2752,1
3556,1264,3
3557,3275,1
3558,3202,1
3559,2200,1
3560,3309,2
3561,144,6
3562,1622,2
3563,3418,1
3564,1078,3
3565,1929,1
3566,204,5
3567,2873,1
3568,1613,4
3569,715,4
3570,2751,1
3571,2383,1
3572,3327,1
3573,2667,3
3574,978,3
3575,954,3
3576,1720,3
3577,531,5
3578,191,5
3579,157,5
3580,1927,2
3581,966,3
3582,3180,1
3583,1852,2
3584,1570,3
3585,2336,1
3586,1043,3
3587,2795,1
3588,2086,2
3589,674,5
3590,1426,1
3591,1836,1
3592,838,4
3593,3002,1
3594,1688,2
3595,1978,1
3596,1354,3
3597,1925,2
3598,1281,3
3599,2910,1
3600,2604,2
3601,468,6
3602,1799,2
3603,2373,1
3604,3169,1
3605,2720,1
3606,3328,1
3607,1295,3
3608,3279,1
3609,3539,1
3610,1471,2
3611,1594,1
3612,889,3
3613,1069,2
3614,3404,1
3615,2457,1
3616,3426,2
3617,834,4
3618,1707,3
3619,1914,2
3620,1533,3
3621,3096,1
3622,74,8
3623,2367,1
3624,2528,2
3625,1791,2
3626,690,3
3627,257,5
3628,32,9
3629,2027,1
3630,3228,1
3631,2649,1
3632,2460,2
3633,1392,3
3634,1432,2
3635,2086,1
3636,505,4
3637,1135,3
3638,3344,1
3639,155,6
3640,1071,3
3641,1171,2
3642,1802,1
3643,2025,1
3644,2295,2
3645,1583,2
3646,802,4
3647,2119,1
3648,2408,2
3649,2511,1
3650,313,5
3651,291,5
3652,2049,2
3653,409,3
3654,2682,1
3655,913,2
3656,2208,2
3657,3392,1
3658,1184,2
3659,2242,1
3660,1770,2
3661,786,3
3662,1229,2
3663,557,4
3664,2224,2
3665,2662,1
3666,2620,1
3667,2701,1
3668,140,7
3669,2339,1
3670,2867,2
3671,1237,2
3672,3520,1
3673,996,4
3674,3219,1
3675,2164,2
3676,2561,1
3677,377,4
3678,539,3
3679,1328,1
3680,2888,2
3681,863,4
3682,1643,2
3683,1251,2
3684,1284,2
3685,638,4
3686,2214,2
3687,3470,1
3688,382,6
3689,3385,1
3690,2059,2
3691,2175,1
3692,487,5
3693,3243,1
3694,2696,2
3695,2694,2
3696,2288,1
3697,1677,2
3698,1762,1
3699,2407,1
3700,292,6
3701,945,1
3702,3657,1
3703,129,7
3704,1984,2
3705,3201,1
3706,2319,1
3707,818,3
3708,3605,1
3709,2822,1
3710,2197,1
3711,2812,1
3712,7,10
3713,78,6
3714,377,3
3715,1297,1
3716,731,3
3717,2574,1
3718,1085,2
3719,1117,1
3720,2306,2
3721,3096,1
3722,3263,2
3723,2767,2
3724,2673,1
3725,2312,2
3726,1799,1
3727,1213,2
3728,204,5
3729,3512,1
3730,3648,1
3731,518,2
3732,735,3
3733,3602,1
3734,654,3
3735,2703,1
3736,3080,2
3737,2945,2
3738,3541,1
3739,2970,2
3740,2130,2
3741,2020,2
3742,2146,2
3743,2136,2
3744,2112,3
3745,2481,1
3746,3406,2
3747,2802,2
3748,1348,2
3749,748,3
3750,179,6
3751,3636,1
3752,132,6
3753,3495,1
3754,2658,1
3755,2831,1
3756,2085,2
3757,686,3
3758,311,3
3759,2305,1
3760,481,4
3761,213,5
3762,2798,2
3763,1227,2
3764,87,6
3765,3471,1
3766,178,4
3767,3205,1
3768,2693,2
3769,1,11
3770,2472,2
3771,1049,2
3772,2035,2
3773,823,3
3774,3137,1
3775,321,3
3776,3322,2
3777,2813,2
3778,3143,1
3779,916,3
3780,3576,1
3781,3352,2
3782,784,4
3783,3731,1
3784,3081,1
3785,3482,1
3786,2803,1
3787,1409,1
3788,404,6
3789,3092,1
3790,3697,1
3791,885,2
3792,3346,1
3793,2711,1
3794,2168,3
3795,3460,1
3796,2429,1
3797,2358,2
3798,2899,1
3799,1363,2
3800,2360,3
3801,1630,3
3802,2409,2
3803,552,4
3804,2451,1
3805,1798,2
3806,876,3
3807,2041,1
3808,806,4
3809,247,5
3810,2919,2
3811,612,3
3812,3656,1
3813,3748,1
3814,562,3
3815,2964,1
3816,3440,1
3817,3385,1
3818,581,4
3819,34,7
3820,2728,1
3821,482,3
3822,927,2
3823,2336,1
3824,3206,3
3825,3043,3
3826,1990,3
3827,1881,3
3828,1604,3
3829,1100,4
3830,3195,1
3831,122,5
3832,2704,3
3833,1836,3
3834,679,4
3835,1372,2
3836,3607,1
3837,1581,3
3838,3373,1
3839,604,4
3840,1872,3
3841,2514,2
3842,1217,3
3843,1704,2
3844,2456,2
3845,1816,2
3846,849,4
3847,2115,1
3848,1395,3
3849,1459,2
3850,2149,2
3851,294,6
3852,1959,2
3853,3023,1
3854,2617,1
3855,1338,3
3856,2324,2
3857,758,5
3858,3180,1
3859,62,7
3860,1894,2
3861,2593,1
3862,167,5
3863,736,3
3864,567,4
3865,878,3
3866,2154,2
3867,346,4
3868,2478,2
3869,1687,2
3870,960,3
3871,469,3
3872,344,4
3873,2240,1
3874,2205,2
3875,2818,1
3876,134,6
3877,3015,1
3878,1065,2
3879,1543,1
3880,619,4
3881,3156,1
3882,1871,2
3883,2568,1
3884,2415,2
3885,612,4
3886,42,8
3887,812,1
3888,1396,2
3889,3264,1
3890,879,3
3891,3243,1
3892,2038,2
3893,1086,2
3894,116,5
3895,2585,1
3896,1991,3
3897,2291,1
3898,2940,1
3899,560,4
3900,52,6
3901,21,9
3902,1044,2
3903,408,2
3904,2277,2
3905,3182,1
3906,3227,1
3907,2420,2
3908,2407,2
3909,414,5
3910,39,7
3911,2987,1
3912,3625,1
3913,1925,2
3914,1695,1
3915,2151,1
3916,2523,3
3917,1741,3
3918,2931,2
3919,3906,1
3920,1128,4
3921,3836,1
3922,3253,2
3923,3118,2
3924,1001,4
3925,3392,1
3926,1842,2
3927,2962,1
3928,1771,2
3929,869,3
3930,3541,2
3931,1817,2
3932,893,2
3933,641,3
3934,2249,2
3935,3128,1
3936,3892,1
3937,1558,3
3938,1625,2
3939,2371,1
3940,1992,2
3941,1665,2
3942,1436,2
3943,1691,1
3944,3570,1
3945,3094,1
3946,3818,1
3947,2190,1
3948,910,3
3949,2823,1
3950,2180,2
3951,2051,2
3952,2733,2
3953,1506,2
3954,1236,2
3955,3741,1
3956,971,2
3957,3074,1
3958,2772,1
3959,2723,1
3960,24,8
3961,2427,1
3962,590,3
3963,920,1
3964,3035,2
3965,2814,2
3966,130,5
3967,2995,1
3968,428,4
3969,1784,2
3970,1400,2
3971,2443,1
3972,3434,1
3973,2827,1
3974,122,7
3975,3050,1
3976,2033,2
3977,3968,1
3978,1255,2
3979,2920,1
3980,2832,2
3981,3420,1
3982,990,2
3983,1619,1
3984,949,5
3985,2286,3
3986,1425,3
3987,1962,2
3988,1373,3
3989,224,5
3990,692,4
3991,1400,1
3992,2644,2
3993,1293,4
3994,2365,2
3995,1744,3
3996,145,5
3997,2504,1
3998,755,3
3999,575,3
4000,240,6
4001,2213,1
4002,2995,2
4003,3720,1
4004,1046,3
4005,3120,1
4006,2797,1
4007,3043,1
4008,3116,2
4009,82,7
4010,2019,2
4011,2013,2
4012,3529,1
4013,2994,1
4014,3631,1
4015,492,3
4016,1241,3
4017,1054,3
4018,2472,2
4019,2645,1
4020,1269,3
4021,3131,1
4022,46,8
4023,3959,1
4024,441,4
4025,2416,1
4026,1680,2
4027,586,3
4028,840,3
4029,2489,1
4030,1176,1
4031,1122,1
4032,613,4
4033,164,6
4034,820,2
4035,1659,1
4036,3304,1
4037,3669,1
4038,699,3
4039,2488,1
4040,3750,1
4041,2707,1
4042,408,5
4043,3249,1
4044,1698,3
4045,26,8
4046,3770,1
4047,2950,2
4048,1088,4
4049,2201,1
4050,1592,2
4051,2398,1
4052,1283,3
4053,1626,2
4054,2341,2
4055,1750,2
4056,4041,1
4057,3999,1
4058,2367,2
4059,835,4
4060,2439,1
4061,3506,1
4062,1994,1
4063,3030,1
4064,3695,1
4065,2793,2
4066,639,4
4067,2978,1
4068,2452,2
4069,1342,2
4070,1377,2
4071,2162,1
4072,13,9
4073,1815,2
4074,1357,2
4075,1729,1
4076,1842,2
4077,1093,3
4078,620,3
4079,2897,1
4080,3256,2
4081,2258,2
4082,1203,3
4083,501,4
4084,3860,1
4085,3525,1
4086,2285,1
4087,3848,1
4088,3461,1
4089,507,3
4090,613,2
4091,1836,1
4092,4051,1
4093,2612,1
4094,776,2
4095,3666,1
4096,1321,3
4097,1428,2
4098,2605,2
4099,3778,1
4100,2788,2
4101,3996,1
4102,1847,2
4103,2795,1
4104,1696,3
4105,3188,1
4106,426,6
4107,3521,1
4108,171,6
4109,1067,1
4110,2387,1
4111,3474,1
4112,3274,1
4113,3568,1
4114,4002,1
4115,3071,2
4116,3010,1
4117,2165,1
4118,2831,1
4119,2432,1
4120,2660,1
4121,3460,1
4122,111,7
4123,2625,1
4124,1997,3
4125,893,3
4126,2222,2
4127,3294,1
4128,2379,3
4129,673,4
4130,2989,2
4131,1022,3
4132,559,4
4133,706,2
4134,3852,1
4135,2311,2
4136,3941,1
4137,140,5
4138,1700,2
4139,4127,1
4140,1209,3
4141,4081,1
4142,3485,1
4143,387,3
4144,3521,2
4145,3349,2
4146,3480,2
4147,2461,3
4148,1386,3
4149,2235,1
4150,710,4
4151,4077,1
4152,1579,2
4153,825,2
4154,2599,1
4155,3545,1
4156,1744,3
4157,619,3
4158,2745,2
4159,4116,1
4160,1305,3
4161,1612,2
4162,984,3
4163,1913,1
4164,2358,2
4165,702,3
4166,35,9
4167,2143,1
4168,850,4
4169,1745,2
4170,2135,2
4171,2105,2
4172,1682,3
4173,1471,3
4174,2513,2
4175,1093,3
4176,691,3
4177,1847,1
4178,3532,1
4179,2134,2
4180,4076,1
4181,89,6
4182,2071,2
4183,1474,2
4184,913,3
4185,439,3
4186,865,2
4187,2701,1
4188,1083,2
4189,3644,1
4190,2662,1
4191,2443,1
4192,1098,3
4193,3645,1
4194,117,6
4195,3403,1
4196,166,4
4197,144,4
4198,1379,2
4199,1036,2
4200,1936,3
4201,3500,1
4202,3138,1
4203,3608,1
4204,791,4
4205,1439,2
4206,508,4
4207,1522,1
4208,3275,1
4209,4089,1
4210,3634,1
4211,3177,1
4212,4174,1
4213,1486,2
4214,463,3
4215,887,1
4216,1947,3
4217,1335,4
4218,3587,1
4219,3004,2
4220,801,4
4221,2092,1
4222,1227,3
4223,1936,1
4224,1521,4
4225,1329,4
4226,1158,4
4227,1681,1
4228,1507,3
4229,2583,1
4230,2742,2
4231,3399,1
4232,1880,2
4233,1672,2
4234,2839,2
4235,2689,2
4236,3120,2
4237,3336,1
4238,4197,1
4239,2234,2
4240,3219,1
4241,3614,1
4242,1184,4
4243,3187,1
4244,866,4
4245,1649,2
4246,4110,1
4247,2823,2
4248,2991,2
4249,3461,1
4250,1626,3
4251,3834,1
4252,1294,2
4253,2840,1
4254,1507,2
4255,2833,1
4256,4206,1
4257,2692,2
4258,267,6
4259,1445,2
4260,961,2
4261,3029,1
4262,639,4
4263,2843,1
4264,458,4
4265,3483,1
4266,1267,2
4267,3598,1
4268,2667,2
4269,1236,3
4270,1582,2
4271,1631,1
4272,609,3
4273,2763,1
4274,559,3
4275,1530,1
4276,140,7
4277,425,4
4278,92,8
4279,3168,1
4280,3956,2
4281,1722,2
4282,2760,2
4283,1000,4
4284,295,4
4285,4276,1
4286,3874,1
4287,251,4
4288,2706,2
4289,4165,1
4290,1732,3
4291,3642,1
4292,2931,1
4293,2429,2
4294,2262,1
4295,3378,1
4296,1649,2
4297,3498,1
4298,2748,1
4299,4294,1
4300,486,5
4301,33,9
4302,1639,1
4303,1124,2
4304,2808,2
4305,2230,2
4306,2682,2
4307,2951,1
4308,2685,2
4309,2748,1
4310,1861,2
4311,2361,1
4312,168,5
4313,294,4
4314,3331,1
4315,495,2
4316,289,4
4317,2938,1
4318,747,2
4319,2990,1
4320,2813,2
4321,2531,2
4322,2391,2
4323,1434,3
4324,582,4
4325,278,6
4326,545,3
4327,2267,1
4328,3845,2
4329,3308,2
4330,2263,3
4331,16,11
4332,3331,2
4333,3879,1
4334,1149,3
4335,1859,1
4336,1785,3
4337,3806,1
4338,490,4
4339,113,5
4340,2261,1
4341,2378,1
4342,2506,2
4343,2461,2
4344,2695,3
4345,1491,3
4346,2922,2
4347,2969,1
4348,113,5
4349,3679,1
4350,1643,2
4351,2952,1
4352,1879,3
4353,4023,1
4354,63,6
4355,2497,1
4356,4317,1
4357,602,4
4358,367,5
4359,3839,1
4360,3959,2
4361,2657,2
4362,3853,1
4363,2967,2
4364,2203,2
4365,645,4
4366,457,4
4367,3998,1
4368,121,5
4369,937,3
4370,4105,1
4371,2416,2
4372,3306,2
4373,2244,2
4374,454,4
4375,1630,2
4376,3736,1
4377,3380,1
4378,226,4
4379,3858,1
4380,2766,2
4381,1897,2
4382,2500,2
4383,224,4
4384,1560,3
4385,2557,1
4386,2754,2
4387,1508,3
4388,3138,1
4389,3084,2
4390,1000,2
4391,2766,1
4392,1331,4
4393,511,4
4394,1311,3
4395,3536,1
4396,1169,3
4397,1782,1
4398,3184,1
4399,1280,2
4400,2778,1
4401,2922,1
4402,3678,1
4403,1690,2
4404,764,4
4405,4149,1
4406,3312,1
4407,142,5
4408,3177,2
4409,3534,1
4410,4052,1
4411,1505,3
4412,1044,4
4413,2135,1
4414,1752,2
4415,2643,1
4416,231,6
4417,83,7
4418,4156,1
4419,3393,2
4420,3194,2
4421,749,3
4422,1735,2
4423,146,6
4424,1269,3
4425,3066,1
4426,3720,1
4427,2465,1
4428,436,4
4429,2545,1
4430,3726,1
4431,3211,1
4432,1023,3
4433,3026,1
4434,478,4
4435,1804,1
4436,2807,2
4437,3816,1
4438,1972,2
4439,1520,2
4440,2964,2
4441,1594,3
4442,3065,2
4443,4047,1
4444,3700,1
4445,389,5
4446,2249,1
4447,3965,1
4448,488,5
4449,1995,2
4450,2941,2
4451,3677,1
4452,2767,2
4453,231,5
4454,3853,1
4455,4023,1
4456,3331,2
4457,3151,2
4458,2034,2
4459,3775,1
4460,1237,3
4461,1304,2
4462,2588,2
4463,2283,2
4464,4367,1
4465,3037,2
4466,4111,1
4467,2725,1
4468,2442,3
4469,1606,3
4470,4262,1
4471,925,4
4472,3205,3
4473,2880,3
4474,542,3
4475,2503,2
4476,3282,2
4477,2817,2
4478,2006,1
4479,3754,1
4480,294,5
4481,482,3
4482,3020,2
4483,3066,1
4484,718,3
4485,2439,1
4486,2646,1
4487,4095,1
4488,1104,4
4489,168,6
4490,3403,1
4491,2376,2
4492,1481,3
4493,1478,3
4494,153,6
4495,1381,2
4496,71,7
4497,4296,1
4498,4143,1
4499,2536,2
4500,1381,2
4501,3919,1
4502,3455,1
4503,133,6
4504,2321,3
4505,4001,1
4506,2654,2
4507,1105,3
4508,2319,2
4509,132,6
4510,403,3
4511,2646,1
4512,615,5
4513,3450,1
4514,1205,2
4515,1333,1
4516,1358,2
4517,3838,1
4518,928,3
4519,2536,1
4520,4024,2
4521,4387,1
4522,366,5
4523,1003,2
4524,1353,3
4525,537,4
4526,2451,2
4527,1419,2
4528,311,4
4529,2084,1
4530,3960,1
4531,1747,2
4532,1471,2
4533,2929,1
4534,1878,2
4535,3801,1
4536,2438,2
4537,4534,1
4538,406,4
4539,208,6
4540,131,6
4541,819,2
4542,2881,2
4543,752,2
4544,4313,1
4545,4075,1
4546,2130,3
4547,1153,4
4548,3405,1
4549,3077,2
4550,3658,2
4551,2928,2
4552,2946,1
4553,4060,1
4554,3944,1
4555,4328,1
4556,47,7
4557,1840,2
4558,1223,2
4559,367,4
4560,3928,1
4561,653,3
4562,2129,2
4563,860,2
4564,3581,2
4565,4015,1
4566,155,5
4567,1457,1
4568,4015,2
4569,574,3
4570,1710,2
4571,4170,1
4572,1380,2
4573,20,9
4574,354,2
4575,1168,1
4576,4135,2
4577,2516,2
4578,2341,1
4579,2992,1
4580,996,5
4581,1450,3
4582,1340,3
4583,3973,1
4584,960,5
4585,737,5
4586,3712,2
4587,1005,2
4588,2630,1
4589,388,5
4590,1379,2
4591,1986,1
4592,1036,4
4593,3522,1
4594,2882,2
4595,83,6
4596,2990,2
4597,3008,1
4598,1554,3
4599,2455,1
4600,3571,1
4601,3276,2
4602,2041,2
4603,394,4
4604,3305,2
4605,2397,2
4606,1563,2
4607,2886,1
4608,280,6
4609,3908,1
4610,1264,3
4611,1313,2
4612,794,4
4613,2648,1
4614,695,4
4615,1788,1
4616,3364,2
4617,4479,1
4618,2836,1
4619,1356,3
4620,233,6
4621,4226,1
4622,3357,1
4623,1303,3
4624,3148,2
4625,1597,2
4626,1369,2
4627,1517,1
4628,7,11
4629,2959,2
4630,3973,2
4631,3603,2
4632,1626,1
4633,1383,2
4634,4009,1
4635,308,4
4636,3763,1
4637,944,3
4638,3194,2
4639,4086,1
4640,265,5
4641,4462,1
4642,759,2
4643,1069,1
4644,2474,2
4645,1457,2
4646,2892,1
4647,1203,1
4648,1328,4
4649,1028,4
4650,2608,2
4651,1567,2
4652,626,4
4653,1305,2
4654,2914,2
4655,3764,1
4656,2949,2
4657,4287,1
4658,673,4
4659,2951,1
4660,2617,2
4661,33,8
4662,1903,2
4663,4242,1
4664,1416,3
4665,1285,3
4666,4557,1
4667,587,4
4668,2270,2
4669,3096,1
4670,41,7
4671,2546,1
4672,2949,3
4673,804,4
4674,3597,1
4675,714,4
4676,2312,3
4677,1827,3
4678,1929,2
4679,3605,1
4680,2888,1
4681,4520,1
4682,525,3
4683,3498,1
4684,1143,2
4685,3417,1
4686,2672,2
4687,4085,1
4688,3040,1
4689,3313,1
4690,2357,3
4691,937,5
4692,3348,2
4693,4276,1
4694,514,5
4695,99,7
4696,848,4
4697,392,4
4698,686,3
4699,3116,1
4700,3510,2
4701,728,3
4702,946,2
4703,1762,1
4704,1528,3
4705,4592,1
4706,2486,2
4707,3803,1
4708,1734,3
4709,4404,1
4710,2789,1
4711,4597,1
4712,4242,1
4713,3284,2
4714,3404,1
4715,677,4
4716,2027,2
4717,1349,2
4718,88,7
4719,333,4
4720,4679,1
4721,2451,3
4722,1306,3
4723,3325,1
4724,2028,3
4725,1825,3
4726,3439,1
4727,2900,1
4728,2216,1
4729,4127,1
4730,1281,1
4731,995,2
4732,125,5
4733,2262,1
4734,2793,1
4735,1685,1
4736,2150,3
4737,519,4
4738,790,2
4739,3816,1
4740,202,7
4741,3574,2
4742,3715,2
4743,4469,1
4744,2166,2
4745,2419,1
4746,411,4
4747,4157,1
4748,3740,2
4749,499,3
4750,4517,1
4751,3710,1
4752,2988,2
4753,1053,4
4754,2352,2
4755,212,6
4756,2915,2
4757,1011,3
4758,3119,1
4759,338,4
4760,418,4
4761,4412,1
4762,1374,2
4763,567,2
4764,1903,2
4765,4149,1
4766,2264,2
4767,4023,1
4768,4668,1
4769,3048,2
4770,3141,1
4771,105,8
4772,1881,2
4773,2136,1
4774,4607,1
4775,4004,1
4776,4538,1
4777,238,5
4778,3444,2
4779,3536,1
4780,755,3
4781,3197,1
4782,2520,2
4783,3714,1
4784,4274,1
4785,60,8
4786,3921,1
4787,2404,1
4788,1080,3
4789,2324,1
4790,2773,1
4791,1505,2
4792,1946,2
4793,4107,1
4794,2090,2
4795,3834,1
4796,3499,1
4797,4343,1
4798,3129,2
4799,3398,1
4800,2618,3
4801,1467,4
4802,3506,2
4803,4486,1
4804,3607,1
4805,3338,1
4806,3715,1
4807,3357,1
4808,3592,1
4809,2395,2
4810,2138,2
4811,4360,1
4812,790,2
4813,4644,1
4814,3283,1
4815,272,5
4816,4706,1
4817,2453,2
4818,2717,1
4819,965,3
4820,4767,1
4821,631,3
4822,2509,2
4823,1904,2
4824,4782,1
4825,4597,1
4826,950,3
4827,3480,1
4828,4103,1
4829,4089,1
4830,2086,2
4831,1909,2
4832,774,4
4833,781,3
4834,1580,2
4835,4430,1
4836,4132,1
4837,514,4
4838,2990,1
4839,2942,1
4840,2923,2
4841,261,5
4842,2470,2
4843,3704,1
4844,101,7
4845,924,2
4846,3962,1
4847,4826,1
4848,3381,1
4849,1862,2
4850,955,3
4851,3340,1
4852,2505,1
4853,3482,1
4854,414,4
4855,2465,1
4856,3240,1
4857,1388,4
4858,1107,4
4859,2565,1
4860,660,4
4861,3200,1
4862,4487,1
4863,1432,2
4864,3964,2
4865,1207,3
4866,1003,3
4867,3306,1
4868,1743,2
4869,3978,1
4870,1394,2
4871,4667,1
4872,4282,1
4873,3852,2
4874,3522,1
4875,4397,1
4876,4814,1
4877,2695,2
4878,4367,1
4879,3352,1
4880,4554,2
4881,468,4
4882,1855,2
4883,2203,1
4884,3943,1
4885,2272,2
4886,4671,2
4887,2379,2
4888,3654,1
4889,887,2
4890,49,8
4891,4325,1
4892,4106,1
4893,4548,1
4894,884,2
4895,3245,1
4896,869,4
4897,1923,2
4898,1681,2
4899,2625,1
4900,1048,3
4901,3098,1
4902,2422,2
4903,470,5
4904,2100,2
4905,1040,4
4906,4898,1
4907,2029,1
4908,3735,2
4909,4385,1
4910,507,4
4911,3410,1
4912,4874,1
4913,2384,3
4914,705,4
4915,3932,1
4916,4664,1
4917,482,4
4918,1428,2
4919,3422,1
4920,1402,2
4921,1469,1
4922,2894,1
4923,632,4
4924,1130,3
4925,3772,1
4926,3892,2
4927,2009,2
4928,791,4
4929,695,5
4930,4649,1
4931,1872,2
4932,3799,1
4933,2160,2
4934,2361,2
4935,980,3
4936,3206,3
4937,2356,3
4938,3056,2
4939,2054,3
4940,1839,3
4941,3554,1
4942,566,5
4943,1817,2
4944,993,3
4945,1279,2
4946,856,3
4947,746,4
4948,1781,2
4949,2307,1
4950,4192,1
4951,3180,1
4952,3786,1
4953,2175,2
4954,3809,1
4955,4940,1
4956,1002,3
4957,2835,1
4958,2007,1
4959,1831,1
4960,3507,2
4961,1732,4
4962,3694,2
4963,2414,2
4964,3893,1
4965,1094,5
4966,3394,2
4967,2187,2
4968,3459,2
4969,1477,3
4970,4225,1
4971,334,7
4972,100,7
4973,4815,1
4974,2179,2
4975,1099,2
4976,1114,4
4977,3050,2
4978,1873,2
4979,2925,1
4980,364,5
4981,1125,2
4982,1123,2
4983,4167,1
4984,3296,2
4985,4979,1
4986,4156,2
4987,4332,1
4988,2846,2
4989,1218,4
4990,1178,4
4991,1383,2
4992,2990,2
4993,4908,1
4994,3782,1
4995,1920,3
4996,1017,3
4997,2235,1
4998,4073,2
4999,4544,1
5000,3715,1
